date,format,opponent,venue,score,score_num,balls,fours,sixes,strike_rate,dismissal,tour
2019-10-10,Test,South Africa,Pune,254*,254,336,33,2,75.6,not out,v South Africa in India 2019
2017-12-02,Test,Sri Lanka,Delhi,243,243,287,25,,84.7,lbw,v Sri Lanka in India 2017
2016-12-08,Test,England,Wankhede,235,235,340,25,1,69.1,caught,v England in India 2016
2017-11-24,Test,Sri Lanka,Nagpur,213,213,267,17,2,79.8,caught,v Sri Lanka in India 2017
2016-10-08,Test,New Zealand,Indore,211,211,366,20,,57.7,lbw,v New Zealand in India 2016
2017-02-09,Test,Bangladesh,Hyderabad,204,204,246,24,,82.9,lbw,v Bangladesh in India 2017
2016-07-21,Test,West Indies,North Sound,200,200,283,24,,70.7,bowled,India in West Indies 2016 — v West Indies
2023-03-09,Test,Australia,Ahmedabad,186,186,364,15,,51.1,caught,v Australia in India 2023
2012-03-18,ODI,Pakistan,Mirpur,183,183,148,22,1,123.6,caught,
2014-12-26,Test,Australia,Melbourne,169,169,272,18,,62.1,caught,India in Australia 2015 — v Australia
2016-11-17,Test,England,Visakhapatnam,167,167,267,18,,62.5,caught,v England in India 2016
2023-01-15,ODI,Sri Lanka,Thiruvananthapuram,166*,166,110,13,8,150.9,not out,v Sri Lanka in India 2023
2018-02-07,ODI,South Africa,Cape Town,160*,160,159,12,2,100.6,not out,India in South Africa 2018 — v South Africa
2018-10-24,ODI,West Indies,Visakhapatnam,157*,157,129,13,4,121.7,not out,v West Indies in India 2018
2016-10-23,ODI,New Zealand,Mohali,154*,154,134,16,1,114.9,not out,v New Zealand in India 2016
2018-01-13,Test,South Africa,Centurion,153,153,217,15,,70.5,caught,India in South Africa 2018 — v South Africa
2018-08-01,Test,England,Birmingham,149,149,225,22,1,66.2,caught,India in England 2018 — v England
2015-01-06,Test,Australia,Sydney,147,147,230,20,,63.9,caught,India in Australia 2015 — v Australia
2014-12-09,Test,Australia,Adelaide,141,141,175,16,1,80.6,caught,India in Australia 2015 — v Australia
2018-10-21,ODI,West Indies,Guwahati,140,140,107,21,2,130.8,stumped,v West Indies in India 2018
2014-11-16,ODI,Sri Lanka,Ranchi,139*,139,126,12,3,110.3,not out,v Sri Lanka in India 2014
2018-10-04,Test,West Indies,Rajkot,139,139,230,10,,60.4,caught,v West Indies in India 2018
2015-10-22,ODI,South Africa,Chennai,138,138,140,6,5,98.6,caught,v South Africa in India 2015
2014-02-26,ODI,Bangladesh,Fatullah,136,136,122,16,2,111.5,bowled,India in Bangladesh 2014 — v Bangladesh
2019-11-22,Test,Bangladesh,Eden Gardens,136,136,194,18,,70.1,caught,v Bangladesh in India 2019
2025-11-30,ODI,South Africa,Ranchi,135,135,120,11,7,112.5,caught,v South Africa in India 2025
2012-02-28,ODI,Sri Lanka,Hobart,133*,133,86,16,2,154.7,not out,
2017-08-31,ODI,Sri Lanka,Colombo (RPS),131,131,96,17,2,136.5,caught,India in Sri Lanka 2017 — v Sri Lanka
2018-02-16,ODI,South Africa,Centurion,129*,129,96,19,2,134.4,not out,India in South Africa 2018 — v South Africa
2012-07-31,ODI,Sri Lanka,Colombo (RPS),128*,128,119,12,1,107.6,not out,
2014-10-17,ODI,West Indies,Dharamsala,127,127,114,13,3,111.4,run out,v West Indies in India 2014
2026-01-18,ODI,New Zealand,Indore,124,124,108,10,3,114.8,caught,
2014-01-19,ODI,New Zealand,Napier,123,123,111,11,2,110.8,caught,India in New Zealand 2014 — v New Zealand
2018-12-14,Test,Australia,Perth,123,123,257,13,1,47.9,caught,India in Australia 2018/19 — v Australia
2019-03-08,ODI,Australia,Ranchi,123,123,95,16,1,129.5,bowled,v Australia in India 2019
2017-01-15,ODI,England,Pune,122,122,105,8,5,116.2,caught,v England in India 2017
2022-09-08,T20I,Afghanistan,Dubai (DICS),122*,122,61,12,6,200.0,not out,Tournament in UAE 2022
2023-09-10,ODI,Pakistan,Colombo (RPS),122*,122,94,9,3,129.8,not out,Tournament in Sri Lanka 2023
2017-10-22,ODI,New Zealand,Wankhede,121,121,125,9,2,96.8,caught,v New Zealand in India 2017
2023-07-20,Test,West Indies,Port of Spain,121,121,206,11,,58.7,run out,India in West Indies 2023 — v West Indies
2019-08-11,ODI,West Indies,Port of Spain,120,120,125,14,1,96.0,caught,India in West Indies 2019 — v West Indies
2013-12-18,Test,South Africa,Johannesburg,119,119,181,18,,65.7,caught,
2010-10-20,ODI,Australia,Visakhapatnam,118,118,121,11,1,97.5,caught,
2011-12-02,ODI,West Indies,Visakhapatnam,117,117,123,14,,95.1,caught,
2016-01-17,ODI,Australia,Melbourne,117,117,117,7,2,100.0,caught,India in Australia 2016 — v Australia
2023-11-15,ODI,New Zealand,Wankhede,117,117,113,9,2,103.5,caught,v New Zealand in India 2023
2012-01-24,Test,Australia,Adelaide,116,116,213,11,1,54.5,lbw,
2019-03-05,ODI,Australia,Nagpur,116,116,120,10,,96.7,caught,v Australia in India 2019
2013-07-24,ODI,Zimbabwe,Harare,115,115,108,13,1,106.5,caught,
2013-10-30,ODI,Australia,Nagpur,115*,115,66,18,1,174.2,not out,
2014-12-09,Test,Australia,Adelaide,115,115,184,12,,62.5,caught,India in Australia 2015 — v Australia
2019-08-14,ODI,West Indies,Port of Spain,114*,114,99,14,,115.2,not out,India in West Indies 2019 — v West Indies
2016-05-18,IPL,Kings XI Punjab,M Chinnaswamy Stadium,113,113,51,12,8,221.6,caught (DA Miller),
2017-10-29,ODI,New Zealand,Kanpur,113,113,106,9,1,106.6,caught,v New Zealand in India 2017
2022-12-10,ODI,Bangladesh,Chattogram,113,113,91,11,2,124.2,caught,India in Bangladesh 2022 — v Bangladesh
2023-01-10,ODI,Sri Lanka,Guwahati,113,113,87,12,1,129.9,caught,v Sri Lanka in India 2023
2024-04-06,IPL,Rajasthan Royals,"Sawai Mansingh Stadium, Jaipur",113,113,77,12,4,146.8,-,
2011-10-17,ODI,England,Delhi,112*,112,98,16,,114.3,not out,
2018-02-01,ODI,South Africa,Durban,112,112,119,10,,94.1,caught,India in South Africa 2018 — v South Africa
2017-07-06,ODI,West Indies,Kingston,111*,111,115,12,2,96.5,not out,India in West Indies 2017 — v West Indies
2017-09-03,ODI,Sri Lanka,Colombo (RPS),110*,110,116,9,,94.8,not out,India in Sri Lanka 2017 — v Sri Lanka
2016-05-14,IPL,Gujarat Lions,M Chinnaswamy Stadium,109,109,55,6,8,198.2,caught (DJ Bravo),
2012-03-13,ODI,Sri Lanka,Mirpur,108,108,120,7,,90.0,caught,
2016-05-07,IPL,Rising Pune Supergiants,M Chinnaswamy Stadium,108,108,58,8,7,186.2,-,
2009-12-24,ODI,Sri Lanka,Eden Gardens,107,107,114,11,1,93.9,caught,
2011-09-16,ODI,England,Cardiff,107,107,93,9,1,115.1,hit wicket,
2013-02-22,Test,Australia,Chennai,107,107,206,15,1,51.9,caught,
2015-02-15,ODI,Pakistan,Adelaide,107,107,126,8,,84.9,caught,Tournament in Australia 2015
2018-10-27,ODI,West Indies,Pune,107,107,119,10,1,89.9,bowled,v West Indies in India 2018
2012-07-21,ODI,Sri Lanka,Hambantota,106,106,113,9,,93.8,caught,
2016-01-20,ODI,Australia,Canberra,106,106,92,11,1,115.2,caught,India in Australia 2016 — v Australia
2010-11-28,ODI,New Zealand,Guwahati,105,105,104,10,,101.0,caught,
2014-02-14,Test,New Zealand,Wellington,105*,105,135,15,1,77.8,not out,India in New Zealand 2014 — v New Zealand
2026-05-13,IPL,Kolkata Knight Riders,"Shaheed Veer Narayan Singh International Stadium, Raipur",105,105,64,11,3,164.1,-,
2017-11-16,Test,Sri Lanka,Eden Gardens,104*,104,119,12,2,87.4,not out,v Sri Lanka in India 2017
2019-01-15,ODI,Australia,Adelaide,104,104,112,5,2,92.9,caught,India in Australia 2018/19 — v Australia
2012-08-31,Test,New Zealand,Bengaluru,103,103,193,14,1,53.4,lbw,
2012-12-13,Test,England,Nagpur,103,103,295,11,,34.9,lbw,
2015-08-12,Test,Sri Lanka,Galle,103,103,191,11,,53.9,lbw,India in Sri Lanka 2015 — v Sri Lanka
2017-07-26,Test,Sri Lanka,Galle,103*,103,136,5,1,75.7,not out,India in Sri Lanka 2017 — v Sri Lanka
2018-08-18,Test,England,Nottingham,103,103,197,10,,52.3,lbw,India in England 2018 — v England
2023-10-19,ODI,Bangladesh,Pune,103*,103,97,6,4,106.2,not out,v Bangladesh in India 2023
2010-01-11,ODI,Bangladesh,Mirpur,102*,102,95,11,,107.4,not out,
2013-07-05,ODI,West Indies,Port of Spain,102,102,83,13,2,122.9,caught,
2025-12-03,ODI,South Africa,Raipur,102,102,93,7,2,109.7,caught,v South Africa in India 2025
2023-05-21,IPL,Gujarat Titans,"M Chinnaswamy Stadium, Bengaluru",101,101,63,13,1,160.3,-,
2023-11-05,ODI,South Africa,Eden Gardens,101*,101,121,10,,83.5,not out,v South Africa in India 2023
2011-02-19,ODI,Bangladesh,Mirpur,100*,100,83,8,2,120.5,not out,
2013-10-16,ODI,Australia,Jaipur,100*,100,52,8,7,192.3,not out,
2016-04-24,IPL,Gujarat Lions,Saurashtra Cricket Association Stadium,100,100,64,11,1,156.2,-,
2019-04-19,IPL,Kolkata Knight Riders,Eden Gardens,100,100,58,9,4,172.4,caught (Shubman Gill),
2023-05-18,IPL,Sunrisers Hyderabad,"Rajiv Gandhi International Stadium, Uppal, Hyderabad",100,100,65,12,4,153.8,caught (GD Phillips),
2024-11-22,Test,Australia,Perth,100*,100,143,8,2,69.9,not out,India in Australia 2025 — v Australia
2025-02-23,ODI,Pakistan,Dubai (DICS),100*,100,111,7,,90.1,not out,Tournament in UAE 2025
